{
  "overview": {
    "destination": [4.360184796441101, 51.22056246347726, 927.63406024332],
    "orientation": {
      "heading": 0.2954376686373677,
      "pitch": -0.5054385677805176,
      "roll": 6.283099984402602
    }
  },
"View 1": {
    "destination": [4.372690251413518, 51.23707797614353, 445.77963022512483],
    "orientation": {
      "heading": 4.2492088143179,
      "pitch": -0.5353567254750304,
      "roll": 6.283182290978395
    }
  },
  "toren3": {
    "destination": [4.334, 51.18, 120],
    "orientation": {
      "heading": 2.356194490192345,
      "pitch": -0.4363323129985824,
      "roll": 0
    }
  },
  "toren5": {
    "destination": [4.324704, 51.17605, 200],
    "orientation": {
      "heading": 0.7853981633974483,
      "pitch": -0.5235987755982988,
      "roll": 0
    }
  }
}