{
  "overview": {
    "destination": [4.358968313033569, 51.218480242988754, 1082.6249075774804],
    "orientation": {
      "heading": 0.20844608120260233,
      "pitch": -0.6152914397455005,
      "roll": 0.000049306948683991436
    },
     "cutouts": [3650343]

  },
"View 1": {
    "destination": [4.372690251413518, 51.23707797614353, 445.77963022512483],
    "orientation": {
      "heading": 4.2492088143179,
      "pitch": -0.5353567254750304,
      "roll": 6.283182290978395
    },
  "cutouts": [3650343]
  },

"Tunnel": {
     "destination": [4.376172187201829, 51.24053499233131, 195.57431458913487],
    "orientation": {
      "heading": 4.387529387001191,
      "pitch": -0.2776591391031402,
      "roll": 6.283174986073541
    },
   
    "cutouts": [3650343 , 3650931]
  
  }
}