{
  "overview": {
    "destination": [4.360184796441101, 51.22056246347726, 927.63406024332], 
    "orientation": {
      "heading": 0.2954376686373677,
      "pitch": -0.5054385677805176,
      "roll": 6.283099984402602
    }
  },
"View 1": {
    "destination": [4.372690251413518, 51.23707797614353, 445.77963022512483],
    "orientation": {
      "heading": 4.2492088143179,
      "pitch": -0.5353567254750304,
      "roll": 6.283182290978395
    }
  },
"Tunnel": {
    "destination": [4.361898526554029, 51.232342045701316, 42.272109724351964],
    "orientation": {
      "heading": 0.29565493233996953,
      "pitch": 0.10711279967274168,
      "roll": 0.000002810031130451307
    }
  },
  "toren5": {
    "destination": [4.324704, 51.17605, 200],
    "orientation": {
      "heading": 0.7853981633974483,
      "pitch": -0.5235987755982988,
      "roll": 0
    }
  }
}