{
  "overview": {
    "destination": [4.358968313033569, 51.218480242988754, 1082.6249075774804],
    "orientation": {
      "heading": 0.20844608120260233,
      "pitch": -0.6152914397455005,
      "roll": 0.000049306948683991436
    },
     "cutouts": [3653116]
     

  },
"Maaiveld": {
   "destination": [4.360236446784348, 51.23052243345307, 67.73253029813095],
    "orientation": {
      "heading": 0.27233276724545963,
      "pitch": -0.3833456637033936,
      "roll": 9.782247083478524e-7
    },
  "cutouts": [3653116]
  },

"Tunnel": {
     "destination": [4.376172187201829, 51.24053499233131, 195.57431458913487],
    "orientation": {
      "heading": 4.387529387001191,
      "pitch": -0.2776591391031402,
      "roll": 6.283174986073541
    },
   
    "cutouts": [3650931]
  
  }
}